Year,Date,Event
2001,January 15,Wikipedia was launched.
2001,January 20,President Joseph Estrada of the Philippines is ousted in the Second EDSA Revolution . George W. Bush is inaugurated as President of the United States .
2001,Unknown date,President Joseph Estrada of the Philippines is ousted in the Second EDSA Revolution .
2001,Unknown date,George W. Bush is inaugurated as President of the United States .
2001,January 26,"An earthquake strikes Gujarat , India , on Republic Day , resulting in more than 20,000 deaths."
2001,May 27,Dos Palmas kidnappings : Twenty tourists are abducted by the Abu Sayyaf Group terrorists from a popular island resort in the Philippines.
2001,June 1,"Eleven members of the royal family of Nepal , including the king and queen, are killed by Crown Prince Dipendra , who wounds himself and dies three days later."
2001,September 11,"September 11 attacks : Nineteen Al-Qaeda terrorists hijack four planes, crashing two into the twin towers of the World Trade Center in New York City , the third plane into the Pentagon in Washington, DC , while the fourth plane is downed on the outskirts of Stonycreek Township, Pennsylvania . 2,996 people, including 2,977 victims and 19 hijackers, died in the attacks."
2001,October 7 – December 17,"The United States invades Afghanistan and topples the Taliban regime , resulting in a long-term war ."
2001,October 23,Steve Jobs introduces the first iPod .
2001,November 12,Crash of American Airlines Flight 587 .
2001,December 3,Enron files for Chapter 11 bankruptcy after a series of scandals .
2001,December 11,China becomes a member of the World Trade Organization .
2001,December 19 – 20,"During an economic crisis in Argentina , the government effectively freezes all bank accounts for twelve months which leads to riots and President Fernando de la Rúa 's resignation from office. There are five ""presidents"" in less than a month."
2001,Unknown date,The al-Aqsa Intifada continues.
2001,Unknown date,Dean Kamen unveils Segway .
2001,Unknown date,Media magnate Silvio Berlusconi was elected Prime Minister of Italy .
2002,January 1,The Euro enters circulation.
2002,February 8,The Algerian Civil War ends.
2002,February 27 – March 1,"Riots and mass killings in the Indian state of Gujarat leave 1,044 dead."
2002,March 14,SpaceX is founded by Elon Musk .
2002,April 11 - 13,2002 Venezuelan coup d'état attempt fails to overthrow president Hugo Chavez .
2002,May 20,East Timor gains independence.
2002,July 1,The International Criminal Court is established.
2002,July 9,The African Union is founded.
2002,September 19,The First Ivorian Civil War begins.
2002,October 2 – 23,Beltway sniper attacks .
2002,October 12,The 2002 Bali bombings killed 202 people and injured 209 more.
2002,October 23 – 26,"Chechen rebels seize a theater in Moscow. Amid this siege, around 200 people died."
2002,November 16,"The 2002-2004 SARS outbreak begins in Guangdong , China."
2002,Unknown date,Switzerland joins the United Nations as the 190th member.
2002,Unknown date,Steve Fossett becomes the first person to fly solo nonstop around the world.
2002,Unknown date,2001–2002 India–Pakistan standoff ends.
2002,Unknown date,Israel starts Operation Defensive Shield in the West Bank in response to a wave of Palestinian suicide attacks .
2002,Unknown date,Construction of the Israeli West Bank barrier begins.
2002,Unknown date,America demands Iraq allow unfettered access to weapons inspectors .
2002,Unknown date,The Guantanamo Bay detention camp is established.
2002,Unknown date,Hu Jintao is elected as General Secretary of the Chinese Communist Party .
2003,February 1,"Space Shuttle Columbia disintegrates upon reentry , killing all seven astronauts on board."
2003,February 20,The Station nightclub fire .
2003,March 19,"The United States invades Iraq and ousts Saddam Hussein , triggering worldwide protests and an 8 year war ."
2003,August 5,2003 Marriott Hotel bombing kills 12 people.
2003,August 27 – 29,"The first six-party talks , involving South and North Korea , the United States , China , Japan and Russia ."
2003,November 3 – 23,The Rose Revolution occurs in Georgia .
2003,November 17,Arnold Schwarzenegger becomes Governor of California .
2003,Unknown date,The War in Darfur begins.
2003,Unknown date,The Human Genome Project is completed.
2003,Unknown date,The Second Congo War ends with more than 5 million dead.
2003,Unknown date,The Second Liberian Civil War ends.
2003,Unknown date,"The last Volkswagen Beetle is made in Mexico, after 65 years in production."
2003,Unknown date,Final flight of the SST (Supersonic Transport) Concorde .
2004,February 4,"Facebook is formed by Mark Zuckerberg , Andrew McCollum , Eduardo Saverin , Dustin Moskovitz , and Chris Hughes ."
2004,March 11,"Madrid train bombings killed 193 people and injured around 2,000, Europe's deadliest attack since Pan Am Flight 103 ."
2004,September 1 – 3,"On the first school day in Russia , a group of Chechen terrorists held students, parents and teachers hostage in Beslan school , in North Ossetia–Alania . During three days under attack, 334 people died."
2004,October 23 – 27,"Boston Red Sox wins the World Series for the first time since 1918 , ending the Curse of the Bambino ."
2004,November 7 – December 23,"The Second Battle of Fallujah occurs. It is the deadliest American battle since the Vietnam War , killing 95 troops."
2004,November 18,Massachusetts becomes the first U.S. state to legalize same-sex marriage .
2004,December 8,Union of South American Nations formed.
2004,December 26,"Boxing Day Tsunami occurs in the Indian Ocean , leading to the deaths of 230,000."
2004,Unknown date,NATO and the European Union incorporates most of the former Eastern Bloc .
2004,Unknown date,War in North-West Pakistan begins.
2004,Unknown date,Spirit and Opportunity land on Mars .
2004,Unknown date,Orange Revolution in Ukraine .
2004,Unknown date,First surface images of Saturn 's moon Titan .
2005,January 9,Second Sudanese Civil War ends.
2005,February 14,"YouTube is founded by Jawed Karim , Chad Hurley and Steve Chen ."
2005,February 14 – April 27,Cedar Revolution in Lebanon triggered by the assassination of Rafic Hariri .
2005,February 16,The Kyoto Protocol comes into effect.
2005,March 22 – April 11,Tulip Revolution in Kyrgyzstan .
2005,April 2 – 19,"Pope John Paul II dies, Benedict XVI becomes Pope."
2005,July 7,7/7 attacks on the London Underground .
2005,July 26 – 27,"Floods in Maharashtra, India over 1000 people die."
2005,July 28,The Provisional Irish Republican Army ends its military campaign in Northern Ireland.
2005,July 29,Michael E. Brown confirms the discovery of the dwarf planet Eris .
2005,August 3,Mahmoud Ahmadinejad becomes President of Iran .
2005,August 18,"Peace Mission 2005 , the first joint China–Russia military exercise , begins its eight-day training on the Shandong Peninsula ."
2005,August 29 – 31,"Hurricane Katrina kills 1,836 people across the Gulf of Mexico coast."
2005,September 30,"Controversial drawings of Muhammad are printed in the Danish newspaper Jyllands-Posten , sparking outrage and violent riots by Muslims around the world."
2005,October 8,"80,000 are killed in an earthquake in Kashmir , Pakistan and Afghanistan ."
2005,November 22,Angela Merkel becomes Germany's first female Chancellor .
2005,November 30,Surgeons in France carry out the first human face transplant with Isabelle Dinoire becoming the first person to undergo it.
2005,Unknown date,Israel withdraws from Gaza .
2005,Unknown date,Second Sudanese Civil War ends.
2006,January 16,"Ellen Johnson Sirleaf becomes President of Liberia , and thus Africa's first elected female head of state."
2006,January 25,Hamas wins the 2006 Palestinian legislative election .
2006,February 17,2006 Southern Leyte mudslide .
2006,February 22,2006 al-Askari mosque bombing turns the escalation of sectarian violence in Iraq into a full-scale war (the Iraqi Civil War of 2006-2008 ).
2006,March 21,Twitter is launched.
2006,May 21 – June 3,Independence of Montenegro .
2006,July 11,Mumbai bombings .
2006,September 19,A coup d'état in Thailand overthrows the government of Prime Minister Thaksin Shinawatra .
2006,October 9,North Korea conducts a nuclear test .
2006,October 9 – November 13,Google acquires YouTube for US$1.65 billion.
2006,November 1,Former Russian security agent Alexander Litvinenko dies from poisoning in the UK.
2006,November 21,Comprehensive Peace Accord ends the Nepalese Civil War .
2006,December 26,Death and state funeral of Gerald Ford .
2006,December 30,Execution of Saddam Hussein by hanging.
2006,Unknown date,2006 Lebanon War .
2006,Unknown date,Mexican Drug War begins.
2006,Unknown date,Somalian War of 2006 begins.
2006,Unknown date,"The International Astronomical Union creates the first formal definition of a planet , which drops Pluto 's classification as a planet."
2006,Unknown date,Nintendo launches the Wii .
2006,Unknown date,"The Baiji , the Yangtze river dolphin , becomes functionally extinct ."
2006,Unknown date,Israeli soldier Gilad Shalit is abducted by Hamas .
2007,January 1,Bulgaria and Romania join the European Union .
2007,January 4,Nancy Pelosi becomes the first female Speaker of the United States House of Representatives .
2007,January 9,Introduction of the iPhone .
2007,March 4,First Ivorian Civil War ends.
2007,April 16,Virginia Tech shooting .
2007,June 10 – 15,Fatah-Hamas conflict : The Battle of Gaza (2007) leads to Hamas taking control of the Gaza strip.
2007,August 15,Anti-government protests in Myanmar suppressed by ruling junta .
2007,December 13,"27 EU member states sign the Treaty of Lisbon , with the treaty coming into effect on December 1 , 2009."
2007,December 27,"Assassination of Benazir Bhutto , opposition leader and former prime minister of Pakistan."
2007,Unknown date,Spike in food prices and subprime crisis help trigger global recession .
2007,Unknown date,First Ivorian Civil War ends.
2007,Unknown date,"Crisis follows the Kenyan presidential election of 2007 , leading to the formation of a coalition government."
2008,May 2,"Cyclone Nargis kills 133,000 in Myanmar ."
2008,May 12,"Magnitude 8.0 earthquake occurs in Wenchuan, China, causing almost 90,000 people to die or go missing. [ 1 ]"
2008,May 28,"The 1st Nepalese Constituent Assembly declares Nepal a republic, ending its monarchy ."
2008,June 20 – 21,Sinking of the MV Princess of the Stars .
2008,October 7,Spotify is launched. [ 2 ]
2008,November 4,Barack Obama is elected the first African-American President of the United States.
2008,November 26 – 29,2008 Mumbai attacks .
2008,Unknown date,Google Chrome is released.
2008,Unknown date,The Gaza War begins.
2008,Unknown date,2008 South Ossetia war .
2008,Unknown date,"Kosovo declares independence , though it is not recognised by the United Nations."
2008,Unknown date,Iraqi forces crack down on Muqtada al Sadr 's Mahdi forces in Basra and Sadr City .
2008,Unknown date,The Large Hadron Collider is completed as the world's largest and most powerful particle collider .
2008,Unknown date,"Tesla Roadster launched, the first mass production lithium-ion battery electric car."
2008,Unknown date,"Stock markets plunge around the world, signaling the start of the Great Recession ."
2009,January 3,The cryptocurrency Bitcoin is launched.
2009,January 15,"US Airways Flight 1549 ditches in the Hudson River in an accident that becomes known as the ""Miracle on the Hudson"", as all 155 people on board are rescued."
2009,June 16,Formation of BRICS economic bloc.
2009,September 26,Typhoon Ketsana kills 789 people in the Philippines.
2009,December 18,Avatar is released in cinemas and becomes the highest-grossing film of all time .
2009,Unknown date,The Gaza War ends while the Gaza blockade continues.
2009,Unknown date,The Sri Lankan Civil War ends.
2009,Unknown date,Election protests begin in Iran.
2009,Unknown date,The Second Chechen War ends.
2009,Unknown date,The Boko Haram insurgency begins in Nigeria .
2009,Unknown date,2009 swine flu pandemic begins in North America .
2010,January 12,"A 7.0 magnitude earthquake in Haiti kills 230,000."
2010,February 18,2010 Nigerien coup d'état .
2010,March 29,2010 Moscow Metro bombings .
2010,April 10,"The President of Poland, Lech Kaczyński , is among 96 killed when their airplane crashes in Smolensk , Russia."
2010,April 20,The largest oil spill in US history occurs in the Gulf of Mexico .
2010,May 31,Gaza flotilla raid .
2010,July 22 – August 10,2010 Colombia–Venezuela diplomatic crisis .
2010,November 23,North Korea shells the island of Yeonpyeong .
2010,Unknown date,A military crackdown occurs in Thailand .
2010,Unknown date,The threat of Greece defaulting on its debts triggers the European sovereign debt crisis and Republic of Ireland 's financial crisis .
2010,Unknown date,Burmese political prisoner Aung San Suu Kyi is released from house arrest.
2010,Unknown date,Arab Spring starts.
2010,Unknown date,Kyrgyz Revolution of 2010 .
2010,Unknown date,"The Burj Khalifa in Dubai becomes the tallest structure in the world , standing at 829.8 m (2,722 ft)."
2010,Unknown date,Dilma Rousseff is elected as the first female president of Brazil .
2010,Unknown date,The iPad is introduced.
2010,Unknown date,Instagram is launched.
2010,Unknown date,2010 eruptions of Eyjafjallajökull .
2010,Unknown date,Julia Gillard is elected first woman Prime Minister of Australia .
2011,February 22,"Christchurch earthquake kills 185 and injures 2,000."
2011,March 11,A 9.1 earthquake in Japan triggers a tsunami and the meltdown of the Fukushima Nuclear Power Plant .
2011,May 2,Osama bin Laden is shot dead by United States Navy SEALs in Pakistan .
2011,July 9,Independence of South Sudan .
2011,July 22,2011 Norway attacks .
2011,August 6 – 11,Riots flare across England .
2011,October 20,Muammar Gaddafi is captured and killed during the Battle of Sirte .
2011,Unknown date,World population reaches 7 billion .
2011,Arab Spring,"revolutions in Tunisia , Egypt and Libya follow, as well as uprisings in Yemen and Bahrain , and protests in several other Arab countries."
2011,Unknown date,Syrian civil war begins.
2011,Unknown date,Second Ivorian Civil War .
2011,Unknown date,Occupy movement inspires worldwide protests.
2011,Unknown date,News International phone hacking scandal .
2011,Unknown date,Death and state funeral of Kim Jong-il .
2011,Unknown date,"The Danyang–Kunshan Grand Bridge , the world's longest, opens in China."
2011,Unknown date,Second Ivorian Civil War ends with the arrest of former president Laurent Gbagbo .
2011,Unknown date,Iraq War ends .
2011,Unknown date,Bombings occur in Russia and Somalia .
2011,Unknown date,"Floods in Pakistan , Thailand and the Philippines kill roughly 2,500 people."
2011,Unknown date,Space Shuttle program is officially ended.
2011,Unknown date,NASA launches space craft to visit Jupiter and Mars .
2012,May 7,Vladimir Putin is elected president of Russia for the third time.
2012,July 20,"2012 Aurora, Colorado shooting ."
2012,September 11 – 12,2012 Benghazi attack leads to the death of US ambassador J. Christopher Stevens .
2012,October 14,Skydiver Felix Baumgartner becomes the first person to break the sound barrier without a vehicle .
2012,October 22 – November 22,Hurricane Sandy causes $70 billion in damage and kills 233 people.
2012,November 6,"Barack Obama wins second term as President of the United States, defeating former Massachusetts Governor Mitt Romney ."
2012,November 15,Xi Jinping is elected as General Secretary of the Chinese Communist Party .
2012,November 26 – December 8,UN Climate Change Conference agrees to extend the Kyoto Protocol until 2020.
2012,December 4 – 9,"Typhoon Bopha kills over 1,600 in the Philippines ."
2012,December 14,Sandy Hook Elementary School shooting .
2012,Unknown date,The Higgs boson is discovered.
2012,Unknown date,Conflict begins in the Central African Republic .
2012,Unknown date,Israel launches Operation Pillar of Defense against the Hamas-governed Gaza Strip .
2012,Unknown date,"The US rover, Curiosity , takes a selfie on Mars and finds evidence of an ancient streambed of water on the Red Planet."
2012,Unknown date,"Shenouda III , Pope of the Coptic Orthodox Church of Alexandria , dies; Tawadros II succeeds him."
2012,Unknown date,Yemeni President Ali Abdullah Saleh steps down.
2012,Unknown date,"Northern Mali conflict , the MNLA declares Azawad an independent state."
2013,February 15,"An undiscovered meteor strikes the Chelyabinsk oblast in Russia, with an airburst injuring thousands and damaging many buildings."
2013,February 28 – March 13,"Pope Benedict XVI resigns , the first Pope to do since 1415, and Pope Francis is elected, becoming the first Pope from Latin America ."
2013,March 5,Death and state funeral of Hugo Chavez .
2013,April 24,The Rana Plaza collapses in Bangladesh .
2013,May 22,"British Army soldier Fusilier Lee Rigby of the Royal Regiment of Fusiliers is murdered in Woolwich , southeast London by Islamic terrorists Michael Adebolajo and Michael Adebowale."
2013,July 1,Croatia becomes a member of the European Union .
2013,July 3,President of Egypt Mohamed Morsi is deposed by the military in a coup d'état .
2013,July 22,Birth of Prince George of Wales .
2013,August 21,"A chemical attack in Ghouta, Syria is blamed on President Bashar al-Assad ."
2013,September 9 – 28,Zamboanga City crisis .
2013,September 17,Rockstar Games release Grand Theft Auto V .
2013,October 15,"A 7.2 magnitude earthquake in Bohol , kills 222."
2013,November 8,"Typhoon Haiyan kills nearly 6,150 people in Vietnam and the Philippines ."
2013,November 21,The Euromaidan uprising begins in Ukraine .
2013,December 5,Death and state funeral of Nelson Mandela .
2013,Unknown date,The French military intervenes in the Northern Mali conflict .
2013,Unknown date,Terrorist attacks occur in Boston and Nairobi .
2013,Unknown date,Edward Snowden releases classified documents concerning mass surveillance by the NSA .
2013,Unknown date,Conflict begins in South Sudan .
2013,Unknown date,Uruguay becomes the first country to fully legalize cannabis .
2013,Unknown date,End of 2012–2013 Cypriot financial crisis .
2013,Unknown date,Kiss nightclub fire .
2013,Unknown date,2013 Alberta floods .
2013,Unknown date,2013 Lahad Datu standoff .
2013,Unknown date,Death and funeral of Margaret Thatcher .
2014,February,"Euromaidan protest in Ukraine sparks a revolution and the overthrow of Viktor Yanukovych , leading to Russia's annexation of Crimea and the war in Donbas ."
2014,March 8,Malaysia Airlines Flight 370 disappears from radar while en route to Beijing from Kuala Lumpur. There were 239 people on board.
2014,April 16,"The MV Sewol sinks, killing 304 of 476 passengers, 250 of which were students at Danwon High School ."
2014,May 22,A coup d'état in Thailand overthrows the caretaker government.
2014,June 19,King Juan Carlos I of Spain abdicates; his son becomes King Felipe VI .
2014,August 8,Scott Cawthon releases Five Nights at Freddy's .
2014,August 9,"The shooting of African-American teenager Michael Brown by police leads to violent unrest in Ferguson, Missouri ."
2014,Unknown date,September 18 – Scotland votes to remain part of the United Kingdom during the 2014 Scottish independence referendum .
2014,November 12,The Rosetta spacecraft 's Philae probe becomes the first to successfully land on a comet .
2014,December 16,Tehrik-i-Taliban Pakistan kill over 130 students in Pakistan .
2014,Unknown date,"The worst Ebola epidemic in recorded history occurs in West Africa, infecting nearly 30,000 people and resulting in the deaths of 11,000+."
2014,Unknown date,The Yemeni Civil War begins after the Houthi takeover in Yemen .
2014,Unknown date,Persecution of Uyghurs in China in Xinjiang increases.
2014,Unknown date,"Indonesia AirAsia Flight 8501 crashes into the Java Sea , while Malaysia Airlines Flight 17 is shot down over Ukraine and Air Algérie Flight 5017 is downed in Mali ."
2014,2014 Gaza War,"Israel launches an assault on the Gaza Strip in response to tit-for-tat murder-kidnappings , leading to the deaths of 71 Israelis and 2,100 Palestinians."
2014,Unknown date,"ISIL begins its offensive in northern Iraq , leading to intervention in Iraq and Syria by a US-led coalition."
2014,Unknown date,Second Libyan Civil War begins.
2014,Unknown date,Narendra Modi is elected as the Prime Minister of India .
2014,Unknown date,Joko Widodo is elected President of Indonesia .
2015,January 1,Five former Soviet Union countries form the Eurasian Economic Union .
2015,January 3 – 7,"Boko Haram perpetrates a massacre of over 2,000 people in Baga, Nigeria , and allies itself with ISIL ."
2015,April 2,"Al-Shabaab perpetrates a mass shooting in Kenya , killing 148."
2015,April 25 – May 3,"The death of an African-American man, Freddie Gray by police leads to violent unrest in Baltimore , Maryland ."
2015,May 13,Kentex slipper factory fire .
2015,July 14,"Joint Comprehensive Plan of Action agreement reached, setting limits to Iran's nuclear program in exchange for sanctions relief."
2015,September 30,Russia begins air strikes against ISIL and anti-government forces in Syria
2015,November 30 – December 12,195 nations agree to lower carbon emissions by negotiating the Paris agreement .
2015,Unknown date,A series of terrorist attacks occur in Paris .
2015,Unknown date,"A series of earthquakes in the Himalayas kills over 10,000 people."
2015,Unknown date,"The heads of China and Taiwan meet for the first time , while the United States and Cuba reestablish full diplomatic relations ."
2015,Unknown date,Liquid water is found on Mars .
2015,Unknown date,First close -up images of Ceres and Pluto .
2015,Unknown date,China announces the end of One-child policy after 35 years.
2015,Unknown date,European migrant crisis .
2015,Unknown date,The Supreme Court of the United States determines that same-sex couples have a constitutional right to marry .
2015,Unknown date,"Homo naledi , a species of early human, is discovered in Africa."
2015,Unknown date,Crash of Germanwings Flight 9525 .
2015,Unknown date,Volkswagen emissions scandal .
2015,Unknown date,Charleston church shooting .
2015,Unknown date,Assassination of Boris Nemtsov .
2015,Unknown date,2015 FIFA corruption case .
2015,Unknown date,
2016,February 11,Detection of gravitational waves by LIGO confirmed.
2016,March 9-15,"Artificial intelligence program AlphaGo defeats top Go player Lee Sedol in a series of 5 games, winning 4 out of 5 games."
2016,March 20,Barack Obama becomes the first U.S. president to visit Cuba since Calvin Coolidge in 1928.
2016,April 3,"Panama Papers , a leak of legal documents, reveals information of 214,888 offshore companies ."
2016,May 9,"Rodrigo Duterte becomes President of the Philippines , and initiates a controversial drug war ."
2016,June 1,"The Gotthard Base Tunnel , the world's longest and deepest railway tunnel , is completed."
2016,June 12,"A shooter kills 49 people at a gay nightclub in Orlando, Florida ."
2016,June 23 – July 13,"The people of the United Kingdom vote to leave the European Union ; David Cameron resigns as a result, and Theresa May succeeds him as the second female Prime Minister of the UK."
2016,July 4,Juno enters orbit around Jupiter
2016,September 4,Mother Teresa is officially canonized by Pope Francis .
2016,November 4,"The Paris Agreement , signed by 195 nations to fight global warming , formally goes into effect."
2016,November 8,"Donald Trump wins the 2016 presidential election , in an upset against Hillary Clinton , the first woman to be nominated by a major party."
2016,Unknown date,The United Nations lifts sanctions from Iran in recognition of the dismantling of its nuclear program .
2016,Unknown date,Pope Francis and Patriarch Kirill sign the Ecumenical Declaration .
2016,Unknown date,"ISIL claims responsibility for a series of bombings in Brussels , a massacre at Istanbul 's Atatürk Airport and car ramming attacks in Nice ."
2016,Unknown date,"Augmented-reality game, Pokémon Go , is released, breaking records in revenue, and becoming the best-selling mobile game."
2016,Unknown date,"The Colombian government signs a peace deal with FARC to end the Colombian conflict , despite narrowly losing a referendum ."
2016,Unknown date,The government of Turkey begins a series of purges in reaction to a failed coup d'état attempt .
2016,Unknown date,US troops withdraw from Afghanistan after 15 years.
2016,Unknown date,"The President of Brazil , Dilma Rousseff , is impeached."
2016,Unknown date,King Bhumibol Adulyadej of Thailand dies after 70 years on the throne and is succeeded by his son Vajiralongkorn .
2016,Unknown date,"Andrei Karlov , the Russian Ambassador to Turkey, is assassinated at an art exhibition in Ankara ."
2016,Unknown date,Tsai Ing-wen is elected as the first female President of Taiwan .
2016,Unknown date,2016 attack on the Saudi diplomatic missions in Iran .
2016,Unknown date,"Radovan Karadžić is found guilty of 10 of 11 counts of war crimes, genocide and crimes against humanity during the Bosnian War and is sentenced to 40 years in prison."
2016,Unknown date,Dhaka attack kills 29 people.
2016,Unknown date,A third set of locks in the Panama Canal opens for commercial traffic .
2016,Unknown date,2016 Southern Taiwan earthquake .
2016,Unknown date,An outbreak of the Zika virus is linked to a cluster of cases of microcephaly .
2016,Unknown date,Death and state funeral of Fidel Castro .
2016,Unknown date,TikTok is launched.
2017,January 20,Donald Trump is inaugurated as President of the United States.
2017,January 21,Millions of people participate in the Women's March in response to the inauguration of Donald Trump.
2017,February 13,"Kim Jong-nam , the half-brother of Kim Jong-Un , is assassinated in Kuala Lumpur , Malaysia."
2017,May 13,"Pope Francis canonizes Jacinta and Francisco Marto , two of the three Fátima children who reported seeing the Virgin Mary in the spring and summer of 1917."
2017,May 22,"A terrorist bombing attack at an Ariana Grande concert in Manchester, England kills 22 people and injures over 140."
2017,June 2,36 people are killed in an attack in Resorts World Manila .
2017,August 11 – 12,"Charlottesville, Virginia becomes the site of a far-right rally protesting the removal of Confederate statues throughout the US. During the event, a white supremacist rams his car into a crowd of counter-protesters, injuring 19 and killing one ."
2017,September,"Two earthquakes strike Mexico on September 8 and September 19 , killing over 400 people."
2017,October 1,60 people are killed in a mass shooting at a music festival in Las Vegas .
2017,October 14,"A bombing in Mogadishu, Somalia kills 587 people and injures 316. It is one of the deadliest terrorist attacks in modern history."
2017,October 28,"'Oumuamua , the first known interstellar object , is identified."
2017,November 5,"26 people are killed in a church shooting in Sutherland Springs, Texas ."
2017,Unknown date,North Korea tests a hydrogen bomb and conducts a series of ballistic missile tests . The United States responds with a wave of export sanctions.
2017,Unknown date,"ISIL launches simultaneous attacks in Tehran , destroy the Great Mosque of al-Nuri in Mosul , Iraq , and kill 311 in Egypt , but is declared defeated in Iraq by the end of the year."
2017,Unknown date,A military operation targeting Rohingya Muslims in Myanmar is declared ethnic cleansing by the UNHCR .
2017,Unknown date,"This year's Atlantic Hurricane season features Hurricane Harvey , which kills 107 and becomes the costliest hurricane in US history, as well as Hurricane Irma , killing 134, and Hurricane Maria , killing 3,059."
2017,Unknown date,Robert Mugabe is ousted in a coup d'état .
2017,Unknown date,Serb military commander Ratko Mladić is declared guilty of genocide in the Bosnian Genocide .
2017,Unknown date,Allegations of sexual abuse against film producer Harvey Weinstein lead to a wave of similar accusations from within Hollywood and other areas of primarily the English-speaking world.
2017,Unknown date,Grenfell Tower fire in London kills 72 and injures 70.
2017,Unknown date,"The President of South Korea , Park Geun-hye , is impeached, while Moon Jae-in is elected president ."
2017,Unknown date,Emmanuel Macron becomes President of France after defeating far-right candidate Marine Le Pen .
2018,March 24,March for Our Lives occurs in 900 locations worldwide in response to the 14 February Parkland shooting .
2018,June 12,The first summit between the US and North Korea and the first ever crossing of the Korean Demilitarized Zone by a North Korean leader occur.
2018,June 23 – July 10,Twelve boys and their football coach are successfully rescued from the flooded Tham Luang Nang Non cave in Thailand .
2018,June 24,Saudi Arabia allows women to drive .
2018,October 2,"Exiled Washington Post journalist Jamal Khashoggi is assassinated inside the Saudi consulate in Istanbul, triggering a diplomatic crisis for Saudi Arabia."
2018,Unknown date,"Turkey invades northern Syria , while 70 die in a chemical attack , triggering a missile strike against President Bashar al-Assad ’s regime."
2018,Unknown date,Pakatan Harapan becomes the first opposition party to assume power in Malaysia since independence.
2018,Unknown date,Twenty-year Eritrean–Ethiopian border conflict formally ends.
2018,Unknown date,Yellow vests movement becomes France 's largest sustained period of civil unrest since 1968.
2018,Unknown date,"The Sunda strait tsunami kills 426 and injures 14,000 and the 2018 Sulawesi earthquake and tsunami kills 4,340 and injures 10,700."
2018,Unknown date,"Macedonia and Greece reach a historic agreement in the Macedonia naming dispute , in which the former is renamed in 2019 to the 'Republic of North Macedonia'."
2018,Unknown date,"China's National People's Congress votes to abolish presidential term limits , allowing Xi Jinping to rule for life . Xi is also the General Secretary of the Chinese Communist Party , the highest position without term limits."
2018,Unknown date,China–United States trade war begins.
2018,Unknown date,2018 Armenian revolution occurs.
2018,Unknown date,First post-ISIL election in Iraq .
2018,Unknown date,The Trump administration reimposes sanctions against Iran .
2018,Unknown date,"The first monkeys are cloned , and first genetically modified humans reported, in China."
2018,Unknown date,"Four people are poisoned with a nerve agent, one fatally, in Salisbury and Amesbury , England in a suspected Russian assassination attempt."
2018,Unknown date,The northern white rhinoceros becomes functionally extinct .
2019,January 3,Chang'e 4 becomes the first object to land on the far side of the Moon .
2019,January 25,Establishment of the Bangsamoro Autonomous Region in Muslim Mindanao .
2019,January – June,"A series of suicide bombings occur in Sulu , Philippines."
2019,April 10,"The Event Horizon Telescope takes the first ever image of a black hole , at the core of galaxy Messier 87 . Fossil fragments found in the Callao Cave in the Philippines reveal the existence of the Homo luzonensis species of humans."
2019,Unknown date,"The Event Horizon Telescope takes the first ever image of a black hole , at the core of galaxy Messier 87 ."
2019,Unknown date,Fossil fragments found in the Callao Cave in the Philippines reveal the existence of the Homo luzonensis species of humans.
2019,April 15,"A major fire engulfs Notre-Dame Cathedral in Paris, resulting in the roof and main spire collapsing."
2019,April 30,"Emperor Akihito of Japan abdicates from his throne , the first abdication by a Japanese monarch in almost two centuries. The abdication ends the Heisei era of Japan and ushers in the Reiwa era with new emperor Naruhito ascending the throne on May 1."
2019,August 5,India revokes the special status of Jammu and Kashmir .
2019,September 19,"'Storm Area 51, They Can't Stop All Of Us' Facebook event results in 1500 people turning up to the festival, and approximately 150 people appearing at the main event."
2019,October 18,NASA astronauts Jessica Meir and Christina Koch conduct the first all-female spacewalk outside of the ISS .
2019,December 18,US President Donald Trump is impeached by the House of Representatives for abuse of power and obstruction of Congress.
2019,December 20,The United States Space Force is announced by Vice President Mike Pence .
2019,Unknown date,New Horizons takes the first close up image of a classical kuiper belt object .
2019,Unknown date,"Christchurch mosque shootings kill 51 people, while a suicide bombing in Iran kills 41, and a series of bomb attacks in Sri Lanka kills 250."
2019,Unknown date,ISIL loses the last of its territory.
2019,Unknown date,"Abdelaziz Bouteflika resigns as President of Algeria , while Omar al-Bashir is deposed as President of Sudan in a coup d'état amid widespread protests in both countries ."
2019,Unknown date,"Victor Vescovo breaks the human depth record, reaching 10,928 m in the Challenger Deep ."
2019,Unknown date,Protests begin in Hong Kong over an extradition bill.
2019,Unknown date,"Wildfires spike in Brazil , while Australia endures the most widespread bush fires in its history ."
2019,Unknown date,Isabelle Holdaway is the first patient to receive a genetically modified phage therapy to treat a drug-resistant infection .
2019,Unknown date,Pope Francis abolishes pontifical secrecy in sex abuse cases .
2019,Unknown date,The 2019–2020 dengue fever epidemic begins in Southeast Asia .
2019,Unknown date,Protests erupt in Bolivia and Venezuela over disputed elections .
2019,Unknown date,Nursultan Nazarbayev resigns as President of Kazakhstan . Kassym-Jomart Tokayev assumes power. Astana is renamed Nur-Sultan in his honor.
2019,Unknown date,The EU Directive on Copyright in the Digital Single Market is passed over intense opposition.
2019,Unknown date,Bashar al Assad launches multiple offensives in Northwestern Syria ; Turkey launches an offensive into northeastern Syria .
2019,Unknown date,More than a hundred people are killed after police and Janjaweed attack protesters in Sudan.
2019,Unknown date,"The United States blames attacks on ships in the Gulf of Oman on Iran, escalating tensions in the Persian Gulf."
2019,Unknown date,Barisha raid ends in the death of Abu Bakr al-Baghdadi .
2019,Unknown date,"A 6.4 magnitude earthquake in Albania , kills 51 people."
2019,Unknown date,"More than 50 prisoners are killed in a series of riots in Amazonas , Brazil."
2019,Unknown date,"A trilateral gathering is held at the Panmunjom Truce Village between South Korean President Moon Jae-in, North Korean Leader Kim Jong-un and US President Donald Trump ."
2019,Unknown date,Japan and South Korea trade dispute .
2019,Unknown date,Sahar Khodayari dies after setting herself on fire after being arrested for attending a soccer game in Iran .
2019,Unknown date,Twelve Catalan independence movement leaders found guilty of sedition and misuse of public funds and they were sentenced to 9 to 13 years in prison .
2019,Unknown date,"Israeli Prime Minister Benjamin Netanyahu is indicted on charges of bribery, fraud and breach of trust."
2020,January 2,The Royal Australian Air Force and Navy are deployed to New South Wales and Victoria to assist mass evacuation efforts amidst the 2019–20 Australian bushfire season . [ 3 ] [ 4 ]
2020,January 3,Qasem Soleimani is targeted and killed at Baghdad International Airport .
2020,January 8,"Ukraine International Airlines Flight 752 is shot down by Iranian Islamic Revolutionary Guards Corps (IRGC) shortly after taking off from Tehran, killing all 176 on board."
2020,January 16 – February 5,Donald Trump is acquitted by the United States Senate in his first impeachment trial.
2020,January 31,The United Kingdom formally withdraws from the European Union .
2020,February 9,Bong Joon-ho 's Parasite becomes the first South Korean film to receive Academy Award recognitions at the 92nd Academy Awards .
2020,May,Cyclone Amphan becomes the costliest cyclone ever recorded in the Northern Indian Ocean . Protests in Belarus against the Alexander Lukashenko regime begin.
2020,Unknown date,Cyclone Amphan becomes the costliest cyclone ever recorded in the Northern Indian Ocean .
2020,Unknown date,Protests in Belarus against the Alexander Lukashenko regime begin.
2020,May 25,The murder of George Floyd sparks protests across the United States and the world .
2020,May 30,Crewed spaceflight resumes in the United States for the first time since 2011.
2020,June 16,"North Korea demolishes the Inter-Korean Liaison Office in Kaesong , established in 2018 to improve relations."
2020,June 30,China 's National People's Congress grants itself sweeping powers to curtail civil liberties in Hong Kong .
2020,July 9,Protests begin in Bulgaria against the government of prime minister Boyko Borisov .
2020,July 10,Turkish President Recep Tayyip Erdoğan orders the Hagia Sophia in Istanbul to be reverted to a mosque following the annulment of a 1934 presidential decree that made it into a museum.
2020,July 28,"Former Prime Minister of Malaysia Najib Razak is found guilty of all seven charges in the first of five trials on the 1MDB scandal , being jailed 12 years and fined RM 210 million as a result."
2020,July 30,NASA successfully launches its Mars 2020 rover mission to search for signs of ancient life and collect samples for return to Earth.
2020,August 4,"An explosion caused by unsafely stored ammonium nitrate kills at least 218 people, injures thousands, and severely damages the port of Beirut , Lebanon ."
2020,August 19,"The Special Tribunal for Lebanon convicts in absentia Salim Ayyash , a senior member of Hezbollah , for the 2005 assassination of former prime Minister Rafic Hariri."
2020,August 25,"Africa is declared free of wild polio , the second virus to be eradicated from the continent since smallpox 40 years previously ."
2020,August 26,"Amazon CEO Jeff Bezos becomes the first person in history to have a net worth exceeding US$200 billion, according to Forbes ."
2020,September 14,"The Royal Astronomical Society announces the detection of phosphine in Venus ' atmosphere, which is known to be a strong predictor for the presence of microbial life. The first discovery of the perfectly preserved remains of a cave bear , believed to be 22,000 to 39,500 years old ( Late Pleistocene ), is made in Lyakhovsky Islands , Siberia in the thawing permafrost ."
2020,Unknown date,"The Royal Astronomical Society announces the detection of phosphine in Venus ' atmosphere, which is known to be a strong predictor for the presence of microbial life."
2020,Unknown date,"The first discovery of the perfectly preserved remains of a cave bear , believed to be 22,000 to 39,500 years old ( Late Pleistocene ), is made in Lyakhovsky Islands , Siberia in the thawing permafrost ."
2020,September 16,"A United Nations Human Rights Council fact-finding mission formally accuses the Venezuelan government of crimes against humanity , including cases of killings, torture, violence against political opposition and disappearances since 2014."
2020,September 27 – November 10,2020 Nagorno-Karabakh war between Armenia and Azerbaijan .
2020,October 15,President of Kyrgyzstan Sooronbay Jeenbekov resigns from office after weeks of massive protests in the wake of the October 2020 parliamentary election .
2020,October 20,"NASA's OSIRIS-REx spacecraft briefly touches down on 101955 Bennu , becoming the agency's first probe to retrieve samples from an asteroid, with its cargo returning to Earth in 2023."
2020,October 22,The Geneva Consensus Declaration on Promoting Women's Health and Strengthening the Family is signed by government representatives from 34 countries.
2020,October 23,"At the end of an 11-year demining process, the Falkland Islands are declared free of land mines , 38 years after the end of the Falklands War ."
2020,October 29,The International Organization for Migration (IOM) confirms the death of least 140 migrants who drowned off the coast of Senegal on a vessel bound for the Spanish Canary Islands .
2020,November 3,"The 2020 United States presidential election occurs. Despite the pandemic, early voting and other factors result in the highest voter turnout since 1900, and a record of over 155 million votes cast. Although Joe Biden is declared the winner on November 7, Donald Trump leads an unprecedented effort to prevent official recognition of his defeat, culminating on January 6 the next year."
2020,November 3,The Tigray War begins in Ethiopia .
2020,November 15,"The Regional Comprehensive Economic Partnership (RCEP) is signed by 15 Asia-Pacific countries to form the world's largest free-trade bloc, covering a third of the world's population."
2020,November 19,The Brereton Report into Australian war crimes during the War in Afghanistan is released.
2020,November 27,"Iran's top nuclear scientist, Mohsen Fakhrizadeh , is assassinated near Tehran ."
2020,November 30,"Protein folding , one of the biggest mysteries in biology, is solved by AlphaFold , an artificial intelligence algorithm developed by DeepMind ."
2020,December 1,"The Arecibo Telescope of the Arecibo Observatory collapses, just weeks after the announcement of its planned demolition."
2020,December 2,"The United Nations Commission on Narcotic Drugs votes to remove cannabis from a list of dangerous drugs in recognition of its medical value, although some controls will remain."
2020,December 8,"Nepal and China officially agree on Mount Everest 's actual height, which is 8,848.86m."
2020,December 18,"Media outlets report that astronomers have detected a radio signal, BLC1 , apparently from  the direction of Proxima Centauri , the closest star to the Sun."
2020,December 21,"A great conjunction of Jupiter and Saturn occurs, with the two planets separated in the sky by 0.1 degrees. This is the closest conjunction between the two planets since 1623 ."
2020,Unknown date,"The COVID-19 pandemic , which began spreading late in the prior year, spreads from China to the vast majority of the world's inhabited areas, infecting at least 81 million and killing at least 1.8 million people in its first year."
2020,Unknown date,"Fears of COVID-19 cause the Dow Jones Industrial Average to fall ten percent in one week, its largest drop in history, triggering the COVID-19 Recession , the worst economic crisis since the Great Depression ."
2020,Unknown date,The United States signs a tentative peace agreement with the Taliban .
2020,Unknown date,"Silurian millipede Kampecaris obanensis , the oldest known land animal, is discovered in Scotland ."
2020,Unknown date,"China and India engage in border skirmishes , the largest escalation between the two powers in 50 years."
2020,Unknown date,China launches Chang'e 5 and becomes the third country after the US and the Soviet Union to return samples of the moon.
2021,January 1,The African Continental Free Trade Area comes into effect.
2021,January 6,"Supporters of President Donald Trump, gathered after a rally led by him, attack the United States Capitol , leading to five deaths."
2021,January 10,"Kim Jong-un is elected as the General Secretary of the ruling Workers' Party of Korea , inheriting the title from his father Kim Jong-il , who died in 2011."
2021,January 13,"In Lyon , France, the first transplant of both arms and shoulders is performed on an Icelandic patient at the Édouard Herriot Hospital."
2021,January 13 – February 13,"Donald Trump is impeached for a second time following the events of January 6, but is acquitted again after his trial from February 9–13."
2021,January 20,"Joe Biden is inaugurated as President of the United States. Kamala Harris , sworn in as vice president, becomes the first woman, first African American and first Asian American to be vice president."
2021,January 22,"The Treaty on the Prohibition of Nuclear Weapons , the first legally binding international agreement comprehensively to prohibit nuclear weapons, comes into effect."
2021,February 13 – 17,"Winter Storm Uri becomes the costliest winter storm in North American history, costing $200 billion and 237 lives, and triggering the 2021 Texas power crisis ."
2021,February 18,"NASA 's Mars 2020 mission (containing the Perseverance rover and Ingenuity helicopter drone) lands on Mars at Jezero Crater , after seven months of travel."
2021,February 22,"Luca Attanasio , the Italian ambassador to the Democratic Republic of the Congo , is murdered near Goma ."
2021,March 6,"Pope Francis meets with Grand Ayatollah Ali al-Sistani in Najaf , Iraq . It is the first-ever meeting between a pope and a grand ayatollah."
2021,March 18,The Spanish Congress of Deputies passes the euthanasia law. [ 5 ]
2021,March 20,"Turkish President Recep Tayyip Erdoğan announces his country's withdrawal from the Istanbul Convention , the first country to do so."
2021,March 21,"Clashes in Apure between Colombian FARC dissidents and the Venezuelan Armed Forces cause at least six casualties and displace 4,000 Venezuelans."
2021,March 23 – 29,"The container ship Ever Given obstructs the Suez Canal for six days, costing an estimated $3.6 billion in global trade."
2021,April 9,"Buckingham Palace announces the death of Prince Philip , Duke of Edinburgh and husband of the Queen , at the age of 99."
2021,April 11,"Hideki Matsuyama wins the 2021 Masters Tournament , becoming the first man from Japan to win a major golf championship."
2021,April 13,"Japan's government approves the dumping of radioactive water of the Fukushima Daiichi Nuclear Power Plant into the Pacific Ocean over the course of 30 years, with full support of the International Atomic Energy Agency ."
2021,April 15,"Scientists announce they successfully injected human stem cells into the embryos of monkeys, creating chimera -embryos."
2021,April 19,"Ingenuity becomes the first vehicle to fly in the atmosphere of another planet. Miguel Díaz-Canel becomes First Secretary of the Communist Party of Cuba , replacing the Castro brothers, Fidel and Raúl , after 62 years."
2021,Unknown date,Ingenuity becomes the first vehicle to fly in the atmosphere of another planet.
2021,Unknown date,"Miguel Díaz-Canel becomes First Secretary of the Communist Party of Cuba , replacing the Castro brothers, Fidel and Raúl , after 62 years."
2021,April 20,"Idriss Déby , President of Chad , is killed in clashes with rebel forces after 30 years in office."
2021,April 24,"Following an international search and rescue effort, the Indonesian navy reports the sinking of KRI Nanggala with 53 crew members, the largest loss of life aboard a submarine since 2003 ."
2021,April 28 – May 1,A border clash between Kyrgyzstan and Tajikistan leads to 55 deaths.
2021,May 6 – 21,Hundreds die in conflicts after Israel evicts six Palestinian families from East Jerusalem .
2021,May 23,Ryanair Flight 4978 is forced to land by Belarusian authorities to detain dissident journalist Roman Protasevich .
2021,June 7,"The Juno spacecraft performs its only flyby of Jupiter 's moon Ganymede , the first flyby of the moon by any spacecraft in over 20 years."
2021,June 13,"Benjamin Netanyahu, the longest-serving prime minister of Israel , is voted out of office; Naftali Bennett and Yair Lapid are sworn in as Prime Minister of Israel and as Alternate Prime Minister of Israel , respectively."
2021,June 19,"Joe Biden signs Juneteenth National Independence Day Act into law, making Juneteenth a federal holiday. It is the first new federal holiday since Martin Luther King Jr. Day . [ 6 ] [ 7 ]"
2021,June 24,"The Champlain Towers South condominium in Surfside, Florida , collapses , killing 98 people."
2021,July 4,"50 people are killed and 46 others are injured when a C-130 transport plane of the Philippine Air Force crashes in Jolo , Sulu ."
2021,July 7,"Haitian President Jovenel Moïse , is assassinated in a midnight attack by unknown mercenaries."
2021,July 18,"An international investigation reveals that spyware sold by Israel's NSO Group to different governments is being used to target heads of state, along with thousands of activists, journalists and dissidents around the world."
2021,July 19,"Blue Origin successfully conducts its first human test flight , with a reusable New Shepard rocket delivering four crew members into space including its founder Jeff Bezos."
2021,July 28,"The first direct observation of light from behind a black hole is reported, confirming Einstein's theory of general relativity ."
2021,August 9,"The Intergovernmental Panel on Climate Change releases the first part of its Sixth Assessment Report , which concludes that the effects of human-caused climate change are now ""widespread, rapid, and intensifying""."
2021,August 14,"An earthquake in Haiti kills over 2,000 people."
2021,August 15,"Kabul falls following the 2021 Taliban offensive , as the Islamic Republic of Afghanistan collapses, and the country is governed thereafter by the Taliban as the reinstated Islamic Emirate of Afghanistan . The War in Afghanistan thus ends after 20 years following the withdrawal of U.S. and coalition troops."
2021,August 30,"The UN Environment Programme announces that leaded petrol in road vehicles has been phased out globally, a hundred years after its introduction."
2021,September 7,El Salvador becomes the first country in the world to accept Bitcoin as an official currency .
2021,September 14,North Korea demonstrates two short-range ballistic missiles that land just outside Japan's territorial waters; hours later South Korea demonstrates its first submarine-launched ballistic missile.
2021,September 15,"A trilateral security pact between Australia, the United Kingdom, and the United States is formed to counter Chinese influence. This includes enabling Australia to build its first nuclear-powered submarine fleet."
2021,September 16,"Inspiration4 , launched by SpaceX , becomes the first all-civilian spaceflight, carrying a four-person crew on a three-day orbit of the Earth."
2021,October 3,"The International Consortium of Investigative Journalists and assorted media partners publish a set of 11.9 million documents leaked from 14 financial services companies known as the Pandora Papers , revealing offshore financial activities that involve multiple current and former world leaders."
2021,October 6,The World Health Organization endorses the first malaria vaccine .
2021,November 16,"Russia draws international condemnation following an anti-satellite weapon test that creates a cloud of space debris , threatening the International Space Station ."
2021,November 30,Barbados becomes a republic on its 55th anniversary of independence while remaining a member of the Commonwealth of Nations .
2021,December 9,"A truck crash in Chiapas , Mexico , kills 55 migrants who were being smuggled in it from Guatemala through Mexico to its border with the United States ."
2021,December 16 – 18,"Typhoon Rai lashes into Visayas and Mindanao , killing 409 people."
2021,Unknown date,"The COVID-19 pandemic continues, infecting more than 220 million and killing at least 3.6 million people in its second year. The true totals of infected and dead are estimated to be much higher."
2021,Unknown date,"Coups d'état occur in Myanmar , Mali and Guinea ."
2021,Unknown date,"Russia begins a military buildup on the Ukrainian border , warning NATO not to intervene."
2021,Unknown date,"197 nations sign the Glasgow Climate Pact , agreeing to limit the use of coal, and the Netherlands legally mandates Royal Dutch Shell to comply with the Paris Agreement ."
2022,January – September,Coups d'état in Burkina Faso .
2022,January 2,2022 Kazakh unrest .
2022,January 4,"China, France, Russia, the UK, and the US—all five permanent members of the United Nations Security Council —issue a rare joint statement affirming that ""a nuclear war cannot be won and must never be fought."" [ 8 ]"
2022,January 15,"The Hunga Tonga–Hunga Haʻapai eruption and tsunami is the largest and most powerful volcanic eruption in decades, and the largest explosion ever recorded by modern instruments."
2022,February 4 – 20,"The 2022 Winter Olympics are held in Beijing , China, making it the first city ever to host both the Summer Olympics and Winter Olympics . [ 9 ]"
2022,February 24,"Russia invades Ukraine , escalating the Russo-Ukrainian War , causing a refugee crisis and tens of thousands of deaths on both sides."
2022,March 20,"WHL0137-LS ""Earendel"" imaged by Hubble Space Telescope , the earliest and most distant known star."
2022,March 15 – November 14,Sri Lankan protests .
2022,April – November,Pakistani constitutional crisis and attempted assassination of Imran Khan .
2022,April 14,Elon Musk purchases Twitter .
2022,April 19,"Kane Tanaka , the second oldest verified person to have ever lived, dies at the age of 119."
2022,May 6,Monkeypox outbreak .
2022,May 12,"Sagittarius A* , supermassive black hole at Galactic Center, imaged by Event Horizon Telescope ."
2022,June 12 – September 12,Heat waves in Europe kill tens of thousands.
2022,June 22,Earthquake in Afghanistan .
2022,June 30,Ketanji Brown Jackson becomes the first black woman on the Supreme Court .
2022,July – October,United Kingdom government crises
2022,July,Oder environmental disaster .
2022,July 8,Assassination of Shinzo Abe .
2022,July 11,"James Webb Space Telescope takes Webb's First Deep Field , oldest and highest resolution image of the universe to date."
2022,July 22,Chinese paddlefish declared extinct.
2022,August 4,China conducts its largest ever military exercise around Taiwan in response to a controversial visit by Nancy Pelosi .
2022,August 24,""" Man of the Hole "", reclusive indigenous Brazilian and last of his ethnicity, dies."
2022,August 28,Floods in Pakistan trigger an economic crisis .
2022,August 31,UN Human Rights Office report on Xinjiang is released.
2022,August 31,"Mikhail Gorbachev , the last Leader of the Soviet Union, died in age 91."
2022,September 8,"Elizabeth II dies at the age of 96 , and is succeeded by Charles III ."
2022,September 16,Mahsa Amini protests .
2022,September 25,Eliud Kipchoge sets marathon world record at the 2022 Berlin Marathon .
2022,September 26,Double Asteroid Redirection Test demonstrates capabilities on asteroid (65803) Didymos I Dimorphos .
2022,September 27 – 30,"Hurricane Ian impacts Cuba and the US, causing catastrophic damage to both nations, killing at least 157 people, 16 missing, and leaving millions without power, including the entirety of Cuba."
2022,October 1,"A fatal human crush occurs during an association football match at Kanjuruhan Stadium in Malang Regency , East Java , Indonesia , killing 131 people and injuring more than 500."
2022,October 6,"36 people are killed in a shooting, stabbing, and vehicle-ramming at Nong Bua Lamphu , Thailand ."
2022,October 29,"Severe Tropical Storm Nalgae lashes throughout the Philippines , leaving 160 people dead. At least 158 people are killed and another 197 injured in a crowd crush during Halloween festivities in Seoul, South Korea."
2022,Unknown date,"Severe Tropical Storm Nalgae lashes throughout the Philippines , leaving 160 people dead."
2022,Unknown date,"At least 158 people are killed and another 197 injured in a crowd crush during Halloween festivities in Seoul, South Korea."
2022,November 2,Ethiopia–Tigray peace agreement .
2022,November 11,The FTX cryptocurrency exchange files for Chapter 11 bankruptcy .
2022,November 15,The world population is estimated to have reached 8 billion .
2022,November 16,"NASA launches Artemis 1 , the first uncrewed mission of its Space Launch System , the most powerful rocket ever to reach orbit."
2022,November 26,COVID-19 protests in China .
2022,November 30,"OpenAI launches ChatGPT , an AI chatbot."
2022,December 7,"Self-coup attempt , impeachment and arrest of President Pedro Castillo sparks protests in Peru ."
2022,December 9,Qatar corruption scandal at the European Parliament .
2022,December 13,"National Ignition Facility achieves first fusion ignition . President Biden signs the Respect for Marriage Act , which federally protects same-sex and interracial marriages by requiring states to recognize each others' marriage standards."
2022,Unknown date,National Ignition Facility achieves first fusion ignition .
2022,Unknown date,"President Biden signs the Respect for Marriage Act , which federally protects same-sex and interracial marriages by requiring states to recognize each others' marriage standards."
2023,January – October,2023 Israeli judicial reform protests .
2023,January 1,Croatia adopts the Euro and joins the Schengen Area .
2023,Unknown date,Croatia adopts the Euro and joins the Schengen Area .
2023,January 8,2023 Brazilian Congress attack .
2023,January 19,2023 French pension reform strikes .
2023,February 6,"2023 Turkey-Syria earthquakes kill nearly 60,000 people."
2023,February 21,"Cyclone Freddy kills 1,400 in Malawi and Mozambique ."
2023,March 10,Iran and Saudi Arabia restore diplomatic relations.
2023,April 4,Finland joins NATO .
2023,April 13,R21/Matrix-M malaria vaccine approved for use.
2023,April 15,Third Sudanese civil war begins.
2023,April 20,"SpaceX conducts the first full stack test launch of the world's most powerful rocket, Starship ."
2023,May 5,World Health Organization ends the designation of COVID-19 as a public health emergency of international concern .
2023,May 6,Charles III is crowned king of the United Kingdom and Commonwealth realms .
2023,May 17,2023 Ecuadorian political crisis .
2023,June 2,2023 Odisha train collision .
2023,June 12,Kwara boat disaster .
2023,July 14,2023 SAG-AFTRA strike .
2023,July 26,2023 Nigerien coup d'état .
2023,August 23,ISRO 's Chandrayaan 3 lands on the lunar south pole making India the 4th nation to successfully soft land on the Moon.
2023,August 30,2023 Gabonese coup d'état .
2023,September 8,2023 Marrakesh-Safi earthquake kills nearly 6000 people.
2023,September 10,"Storm Daniel becomes the deadliest Mediterranean storm in history, with over 4000 deaths in Libya ."
2023,September 19 – 20,2023 Azerbaijani offensive in Nagorno-Karabakh .
2023,October 3,Kevin McCarthy 's expulsion via a motion introduced by Matt Gaetz is the first ousting of a Speaker of the United States House of Representatives in history.
2023,October 7,Hamas attacks Israel; start of the Israel-Hamas war .
2023,October 7,2023 Herat earthquakes .
2023,October 23,2023 Guayana Esequiba crisis .
2023,October 27,"Operation 1027 , a coordinated assault by anti-Junta forces in the Myanmar civil war , begins."
2023,November 24,Somalia admitted to East African Community .
2023,December 12,COP28 ends with world leaders pledging transition away from fossil fuels.
2023,December 18,Catholic Church releases Fiducia supplicans .
2023,December 31,Queen Margrethe II of Denmark announces her abdication on January 14 after 52 years on the throne.
2023,Unknown date,Wagner Group mutiny ; International Criminal Court issues arrest warrant for Vladimir Putin .
2023,Unknown date,2023 Canadian and Hawaiian wildfires .
2023,Unknown date,2023 North India floods .
2023,Unknown date,2023 is the hottest year on record. [ 10 ]
